username,date,retweets,favorites,text,geo,mentions,hashtags,id,permalink
Adilson1507,2018-10-22 20:58,16,299,"povo falava ligacao pt nunca acabado , ai prova ! antes ficado neutra sempre ficou ! voto critico conversa pra boi dormir ! brasileiros jamais esqueceremos ! # haddadnaoecristao",,,#,"1,05452248668621E+018",https://twitter.com/Adilson1507/status/1054522486686208001
Silas_Pereiraa,2018-10-22 20:55,91,214,# haddadnaoecristao vizinhos ptistas dia 28 .,,,#,"1,05452157147224E+018",https://twitter.com/Silas_Pereiraa/status/1054521571472236545
miranelles,2018-10-22 20:51,1,1,"# bolsonarosim ! # nasruascombolsonaro is clear sign of people wants him , it isnt sad . pic.twitter.com/fbpwztx3r",,,# #,"1,05452055379572E+018",https://twitter.com/miranelles/status/1054520553795715073
CarlosBolsonaro,2018-10-22 20:45,6064,21833,"escreve livro chamado defesa socialismo ser amoral pedir confianca cristaos ! pt ja disse faria diabo vencer eleicoes estao fazendo , resultado maos brasileiro deus ! # haddadnaoecristao",,,#,"1,05451920054967E+018",https://twitter.com/CarlosBolsonaro/status/1054519200549666816
monicaodovale,2018-10-22 20:41,1101,2701,"favoravel tortura , sabe disso- bolsonaro cristao prega tortura jesus cristo morreu sendo torturado cruz # haddadnaoecristao",,,#,"1,05451803216752E+018",https://twitter.com/monicaodovale/status/1054518032167518208
FlavioMRenan,2018-10-22 20:31,78,151,deixando risada eleitores bolsonaretes otarios ... # haddadnaoecristao # bolsonaroanticristo # limpezanostf # frenteamplapelademocracia # segundadetremurasdv,,,# # # # #,"1,05451562100474E+018",https://twitter.com/FlavioMRenan/status/1054515621004742661
_Colombo__,2018-10-22 20:24,0,2,( g ) old # b17,,,#,"1,05451389772883E+018",https://twitter.com/_Colombo__/status/1054513897728827392
JonhR16,2018-10-22 20:23,0,0,@ lobaoeletrico rei tags # haddadnaoecristao,,@,#,"1,05451358250598E+018",https://twitter.com/JonhR16/status/1054513582505975808
VRetorno,2018-10-22 20:22,2178,4840,haddad passa mal desmaia via publica nordeste . # haddadnaoecristao,,,#,"1,05451338742882E+018",https://twitter.com/VRetorno/status/1054513387428818944
Various__Videos,2018-10-22 20:18,2,3,open twitter and see # haddadnaoecristao trending worldwide . they think bolsonaro is ? ! https : //bit.ly/2ys5xxn # haddadnaoecristao,,,# #,"1,05451236965165E+018",https://twitter.com/Various__Videos/status/1054512369651646464
si_cid,2018-10-22 20:13,270,437,olha tambem falsihaddad ! # haddadmente # haddadnaoecristao,,,# #,"1,05451105896934E+018",https://twitter.com/si_cid/status/1054511058969341952
RejanePaiva,2018-10-22 20:10,672,1007,"pt forma desonesta conseguir votos continua atacando . sao sujos , agora vejam pra tipo eleitor panfletos estao destinados . # haddadnaoecristao vez fabrica fake news conseguir votos . pode @ tsejusbr ? @ jairbolsonaro",,@ @,#,"1,05451028470088E+018",https://twitter.com/RejanePaiva/status/1054510284700876800
SocDemNow,2018-10-22 20:00,3,18,"# haddadnaoecristao < -- in what way is bolsonaro , who hates women , gays , blacks , the poor , and supports torture and mass murder cristao ? ? ? brasileiros ! gente ! you are being manipulated . it\s clear day from outside of your country . pic.twitter.com/6ak7gfhg9n",,,#,"1,05450773287796E+018",https://twitter.com/SocDemNow/status/1054507732877959168
ClaudiaMMouraa,2018-10-22 19:59,70,550,vai ser quantas vezes ? vergonha resume ! # haddadnaoecristao,,,#,"1,05450758873643E+018",https://twitter.com/ClaudiaMMouraa/status/1054507588736430080
MathDrado,2018-10-22 19:52,726,2143,js hipocritas # bolsonaroanticristo # haddadnaoecristao,,,# #,"1,05450588810974E+018",https://twitter.com/MathDrado/status/1054505888109735941
_Marcye,2018-10-22 19:42,1,0,# haddadnaoecristao latim : clube bilderberg,,,#,"1,05450320177552E+018",https://twitter.com/_Marcye/status/1054503201775517698
amarildojsilva,2018-10-22 19:36,2303,6643,fara passeio curitiba . jean willis ta camara federal ja tse validou votos prefeito marica rj . wellington quaqua # haddadnaoecristao,,,#,"1,05450184708658E+018",https://twitter.com/amarildojsilva/status/1054501847086575617
tvesries,2018-10-22 19:34,279,733,olsominions usando tag tipo defendem cara apoia tortura # haddadnaoecristao,,,#,"1,05450127861158E+018",https://twitter.com/tvesries/status/1054501278611578880
goulart_lenita,2018-10-22 19:31,1336,3144,"# haddadnaoecristao hora fazer foto fake , respeita assento preferencial , pra idosos deficientes fisicos !",,,#,"1,05450050641929E+018",https://twitter.com/goulart_lenita/status/1054500506419294210
JustCarol10,2018-10-22 19:30,882,1538,# haddadnaoecristao bora chutar principios pra fazer graca pra igreja . esqueceu estudar antes .,,,#,"1,0545001691805E+018",https://twitter.com/JustCarol10/status/1054500169180504064
Kanekury1,2018-10-23 20:11,74,156,petista afirma candidato nao foge debate . afirmo candidato nao foge policia . # b17 # atentadofakedopt,,,# #,"1,05487294993999E+018",https://twitter.com/Kanekury1/status/1054872949939994625
folha,2018-10-23 18:15,221,1401,"enfim sos | # haddad13 , # bolsonaro17 , resolveram colocar politica ensaio pre-casamento # folha # eleicoes2018 http : //bit.ly/2pp6jot",,,# # # #,"1,05484365626218E+018",https://twitter.com/folha/status/1054843656262184960
renatodiasobom,2018-10-23 18:11,125,207,general mourao desmascara mentira gravissima haddad . ate vamos aturar mentiras vermelhinhos ? ? ? # ptnao # bolsonaropresidente17,,,# #,"1,05484277721587E+018",https://twitter.com/renatodiasobom/status/1054842777215868929
RosannaBlessed,2018-10-23 16:50,14,69,# haddadnaoecristao # atentadofakedopt,,,# #,"1,0548223920512E+018",https://twitter.com/RosannaBlessed/status/1054822392051195905
BR17MG2018,2018-10-23 16:31,1782,3168,desmascarado hora . candidato corrupto q so sabe espalhar fake news . poste mentiroso # atentadofakedopt # haddadnaoecristao # haddadmente,,,# # #,"1,05481758064767E+018",https://twitter.com/BR17MG2018/status/1054817580647673856
PatrickD4511,2018-10-23 16:18,190,662,hoje # doencasraras pauta importante encontro futuro presidente # brasil @ jairbolsonaro vestiu camisa # somostodosraros # bolsonaropresidente # bolsonaro # bolsonaro17 # somostodosbolsonaro # umraronocongresso patrick dorneles partido brasil,,@,# # # # # # # #,"1,05481426595214E+018",https://twitter.com/PatrickD4511/status/1054814265952137217
BotsBozo,2018-10-23 15:56,8,13,desafio lancado ! descubra @ bozobots redor ! basta publicar qualquer coisa hashtags pra fazer robos curtirem imagina espalhar verdade sobre bolsonaro usando robos ? # bolsonaro # bolsonaro2018 # bolsonaropresidente # mito # bolsonaroopressor # bolsonaro17,,@BozoBots,# # # # # #,"1,05480886127686E+018",https://twitter.com/BotsBozo/status/1054808861276860417
BR17MG2018,2018-10-23 15:32,258,560,"conhecereis verdade verdade libertara . poste dando , conhecedor palavra . quer enganar , verdadeira face , aparece . # haddadnaoecristao # atentadofakedopt",,,# #,"1,0548028310211E+018",https://twitter.com/BR17MG2018/status/1054802831021096961
Marlos_Marliere,2018-10-23 15:27,725,1607,"enquanto # haddadefefeca contava historias pra boi dormir # globoelixo , @ jairbolsonaro reunia casa alguns deputados federais eleitos , discutir situacao caotica seguranca publica brasileira ! # atentadofakedopt # haddadnaoecristao",,@,# # # #,"1,05480152604313E+018",https://twitter.com/Marlos_Marliere/status/1054801526043131904
gillyworks,2018-10-23 14:50,155,151,"# mulherescombolsonaro , voces estao atentas ? vai tomar conta filhos voce pro trabalho ? merenda ? vai educar filhos ? # b17 # bolsonaroamordobrasilhttps : //glo.bo/2ot1qbg",,,# # #,"1,05479221413457E+018",https://twitter.com/gillyworks/status/1054792214134566913
gillyworks,2018-10-23 14:50,133,188,"# mulherescombolsonaro , estao atentas ? voce suando prum filho ser bem-sucedido # enem2018 cursar federal ? olha ai proposta # bolsonaro . voce rica ? pode pagar ensino universitario melhor qualidade ? # b17 https : //educacao.estadao.com.br/noticias/geral , equipe-de-bolsonaro-quer-cobranca-de-mensalidade-em-universidades-federais,70002557697 ...",,,# # # #,"1,05479211647859E+018",https://twitter.com/gillyworks/status/1054792116478586881
gillyworks,2018-10-23 14:49,101,125,"# mulherescombolsonaro , fala serio ! ! ! cara nao consegue ler direito , parece bonecos circo ! voce alguma vez escutou lula , rui costa , jaques wagner miguel arraes ameacar adversarios politicos assim ? # b17",,,# #,"1,05479200631108E+018",https://twitter.com/gillyworks/status/1054792006311075845
MariaFl81220142,2018-10-23 14:36,43,57,"cara esfaqueou mestre capoeira aqui bahia , imprensa divulgou fake news involucrando bolsonaro . cara desmentiu tudo vivo ! falou conversava sobre futebol assistam ! divulguem maximo farsa descoberta # fakenewsdohaddad # b17 # bahia",,,# # #,"1,05478873534532E+018",https://twitter.com/MariaFl81220142/status/1054788735345324033
_SaraWinter,2018-10-23 13:56,35,254,"ontem dia gravacao entrevista pro canal euronews , exibido toda uniao europeia ! tema : porque bolsonaro melhor opcao pro brasil ! assim sair posto canal pra voces ! # b17",,,#,"1,05477870249041E+018",https://twitter.com/_SaraWinter/status/1054778702490406912
IsaacMiguel1808,2018-10-23 13:37,11,45,povo ja tah sendo avisado ! ate ! ! ! # ptnao # bolsonaro17 # marqueteirosdejair,,,# # #,"1,05477374174033E+018",https://twitter.com/IsaacMiguel1808/status/1054773741740326913
andrefernm,2018-10-23 13:32,41,617,cozinheiros opressores ... # b17,,,#,"1,05477249481565E+018",https://twitter.com/andrefernm/status/1054772494815649794
Azarena17,2018-10-23 12:11,1,3,"collage w/ various biased news sources americans assume to be reliable . they often have foreign authors whose goals and interests are not neutral ! take min . to think about who the writers are ! think critically , not rely on 3rd party sources ! not be misled # bolsonaro17",,,#,"1,05475220900967E+018",https://twitter.com/Azarena17/status/1054752209009668096
MiriaFigueiredo,2018-10-23 10:33,24,57,spoiler thriller corrupto . # atentadofakedopt # haddadnaoecristao,,,# #,"1,05472739400165E+018",https://twitter.com/MiriaFigueiredo/status/1054727394001649665
rafaelgui,2018-10-23 10:12,1,0,"farsa zumbis , # bolsonaropresidente17",,,#,"1,05472222745373E+018",https://twitter.com/rafaelgui/status/1054722227453730816
joicehasselmann,2018-10-23 08:05,4680,13463,olha malandragem bando petista liderado @ gleisi narizinho . ja estao forjando atentado contra @ haddad_fernando ? nao adianta tentar tigrada . ja desmascarei planos vcs semana passada . beijinho ombro @ jairmessiasbolsonaro presidente ! # b17 neles !,,@ @ @jairmessiasbolsonaro,#,"1,05469017756472E+018",https://twitter.com/joicehasselmann/status/1054690177564717057
SerraVone,2018-10-23 14:38,10,21,"capitao melhor senhor alertar autoridades sobre video , adversarios nao escrupulos nenhum serao capazes tudo incriminar senhor ! lado , pois sabemos homem honrado ! # bolsonaro17",,,#,"1,05478912086061E+018",https://twitter.com/SerraVone/status/1054789120860606465
MiraAcre,2018-10-23 15:06,269,417,# haddadefefeca pai @ lobaoeletrico conceituando mt bem palavra fefeca # haddadnaoecristao # atentadofakedopt,,@,# # #,"1,05479629960896E+018",https://twitter.com/MiraAcre/status/1054796299608961024
carlosjordy,2018-10-24 20:34,350,1180,recado tropa jair bolsonaro niteroi petistas esquerdistas cidade . # vaiterquetrabalhar # bolsonaropresidente17,,,# #,"1,05524116699479E+018",https://twitter.com/carlosjordy/status/1055241166994788353
yarajanuth,2018-10-24 19:17,4,151,pt destruiu vida ... nao . # b17,,,#,"1,05522181349459E+018",https://twitter.com/yarajanuth/status/1055221813494587392
levistania,2018-10-24 18:45,22,27,"oleo peroba nesse malddad ... , # bolsonaropresidente # bolsonaro17 # bolsonarosim # bolsonaro # bolsonaropresidentdobrasil",,,# # # # #,"1,05521378692637E+018",https://twitter.com/levistania/status/1055213786926366721
caixa2doMito,2018-10-24 18:16,2,4,# meupartidoeobrasil # b17 # aceitaquedoimenos # euvimdegraca17,,,# # # #,"1,05520644453279E+018",https://twitter.com/caixa2doMito/status/1055206444532789248
Gerson97631267,2018-10-24 18:08,93,123,montagem cid gomes haddad ficou d++++ # elesim # ptnuncamais # forapt # bolsonaropresidente,,,# # # #,"1,05520440853808E+018",https://twitter.com/Gerson97631267/status/1055204408538075137
Gerson97631267,2018-10-24 18:01,9,14,ferramenta fake news haddad ... .. # elesim # ptnuncamais # forapt # bolsonaropresidentepic.twitter.com/pzpik08gjl,,,# # # #,"1,05520271885441E+018",https://twitter.com/Gerson97631267/status/1055202718854406158
Nathy48487766,2018-10-24 17:24,35,70,previsao tempo nunca erra ! ! ! kkkk # bolsonaropresidente # b17,,,# #,"1,05519337118516E+018",https://twitter.com/Nathy48487766/status/1055193371185160192
felipe_depaula,2018-10-24 16:43,93,244,quero # haddadpresidentesim # haddad13presidente # haddademanu # bolsonaropredsidente # bolsonaropresidente # bolsonaro17,,,# # # # # #,"1,05518302025112E+018",https://twitter.com/felipe_depaula/status/1055183020251115521
MarileneGdaMott,2018-10-24 16:23,9,13,# b17 neles ! # bolsonaropresidente,,,# #,"1,05517792044297E+018",https://twitter.com/MarileneGdaMott/status/1055177920442974209
DrDayAlves,2018-10-24 14:37,564,970,"prefeito feira santana - ba declara voto bolsonaro ... contra pt ! brasil cansou mentiras desgoverno pt ... chega ! haddad , vc mente , finge engana populacao ! # bolsonaropredsidente # bolsonaropresidente17",,,# #,"1,05515125314204E+018",https://twitter.com/DrDayAlves/status/1055151253142036486
Francischini_,2018-10-24 14:23,1241,3463,humilhacao petista : cid vez hahaha ! # bolsonaro17 # delegadofrancischini # compartilhe,,,# # #,"1,05514788735567E+018",https://twitter.com/Francischini_/status/1055147887355674624
kmilaviana,2018-10-24 14:02,1000,2286,manifestacao prol @ jairbolsonaro # bhshopping noite ontem . festa comecou passarela br-356 . # olulatapresobabaca # bolsonaropresidente # bolsonaropresidentedobrasil # bolsonaropresidente17 # minasgerais # bh,,@,# # # # # # #,"1,05514261810188E+018",https://twitter.com/kmilaviana/status/1055142618101878789
OzielCosta_,2018-10-24 13:32,4,16,voces vai perder haha pt vai dancar # forapt # elesnao # elesim,,,# # #,"1,05513495484004E+018",https://twitter.com/OzielCosta_/status/1055134954840039424
gillyworks,2018-10-24 13:21,44,44,"# mulherescombolsonaro , voce sabe pq ricos odeiam ver pobre ufrj ufmg ? pq nao querem ver filhos voces competindo melhores empregos . sabe sonegacao impostos ? assiste video ate final , sao so 2 minutinhos . # b17 https : //youtu.be/elbqbueu0tq",,,# #,"1,0551321617901E+018",https://twitter.com/gillyworks/status/1055132161790095360
SouEstou,2018-10-24 13:05,40,48,vc sabe q vai perder ne ? # bolsonaropresidente # ibopefake # suasticafake # bolsonaro17 # bolsonaropresidente # naoaceitaremosfraude,,,# # # # # #,"1,05512820952683E+018",https://twitter.com/SouEstou/status/1055128209526833152
victor_joao_rv,2018-10-24 12:45,38,62,# bolsonaropresidente # estoucombolsonaro # b17 brasil acima tudo deus acima todos .,,,# # #,"1,05512317583775E+018",https://twitter.com/victor_joao_rv/status/1055123175837745153
Francischini_,2018-10-24 11:41,1258,2845,"haddad , senhor nao jogado biblia ... # delegadofrancischini # bolsonaro17 # compartilhe",,,# # #,"1,05510701591422E+018",https://twitter.com/Francischini_/status/1055107015914217473
denise47613384,2018-10-24 11:26,0,2,forapt # b17,,,#,"1,05510316774933E+018",https://twitter.com/denise47613384/status/1055103167749328898
coimbrafiho,2018-10-24 09:41,1,1,# brasilien will die roten # ratten aus dem land jagen # bolsonaro17 https : //indexexpurgatorius.wordpress.com/2018/10/24/brasilien-will-die-roten-ratten-aus-dem-land-jagen/ ... via @ sorpri,,@,# # #,"1,05507676750392E+018",https://twitter.com/coimbrafiho/status/1055076767503917056
realchenx,2018-10-24 08:32,6,9,# bolsonaropresidente17 % moro pic.twitter.com/eelejj2o8,,,#,"1,05505936269841E+018",https://twitter.com/realchenx/status/1055059362698407937
Baguncin17,2018-10-25 20:51,123,154,dia independencia parte 2 # b17 # nordestee17,,,# #,"1,05560769699557E+018",https://twitter.com/Baguncin17/status/1055607696995565568
diiegogomess7,2018-10-25 19:23,24,54,confio jair messias bolsonaro ! voto confianca proximos 4 anos . deus abencoe brasil ! # bolsonaro # b17,,,# #,"1,05558560694284E+018",https://twitter.com/diiegogomess7/status/1055585606942838784
FtimaSi98659736,2018-10-25 19:11,1,11,rasil acima tudo . deus acima todos . # bolsonaropresidente17,,,#,"1,05558262463743E+018",https://twitter.com/FtimaSi98659736/status/1055582624637431809
klaus_sergio,2018-10-25 18:19,269,484,"casa caiu , 71 , vagaba ! vai apodrecer cadeia , cadela ! # b17 # bolsonaropresidenteeleito # nordestee17",,,# # #,"1,05556953689901E+018",https://twitter.com/klaus_sergio/status/1055569536899006464
prjbcarvalho,2018-10-25 15:49,58,180,"olha so turma boa , gente bem dizendo # elesim",,,#,"1,05553193290423E+018",https://twitter.com/prjbcarvalho/status/1055531932904230912
FlvioRgis1,2018-10-25 15:20,4,9,@ jairbolsonaro @ bolsonarosp @ carlosbolsonaro olha responsabilidade voces maos ... vamos la nova geracao ja ama entao vamos cuida las ... # b17 # bolsonaropresidenteeleito # presidentebolsonaro # jairmessiasbolsonaro17 # jairbolsonatopresidentedobrasil,,@ @ @,# # # # #,"1,05552461675041E+018",https://twitter.com/FlvioRgis1/status/1055524616750411777
klaus_sergio,2018-10-25 15:16,52,84,ta ficando pessimo pro andrade ... # b17 # bolsonaropresidenteeleito,,,# #,"1,05552351436988E+018",https://twitter.com/klaus_sergio/status/1055523514369875974
carolcos_,2018-10-25 14:44,31,67,lado voce ? ? ? # eleicoes2018 # bolsonaro17 ilustracao @ eudesrochastudio,,@eudesrochastudio,# #,"1,05551541414124E+018",https://twitter.com/carolcos_/status/1055515414141243395
PedroLorenzo87,2018-10-25 13:59,1257,3328,ilustracao fiz sobre suasticas misteriosas ! # elesim # jairbolsonaro # eleicoes # bolsonaro,,,# # # #,"1,05550412329307E+018",https://twitter.com/PedroLorenzo87/status/1055504123293065216
CelesTinoo98,2018-10-25 13:54,2,4,"vao nao ... ja perderam , tao deixando sonharem ! lula ta preso babaca ! kkkkkkkkk # b17",,,#,"1,05550279641233E+018",https://twitter.com/CelesTinoo98/status/1055502796412329984
PatrickD4511,2018-10-25 13:14,148,428,# doencasraras pauta encontro q dia rj 23/10 c/o futuro presidente # brasil @ jairbolsonaro q vestiu camisa # somostodosraros # bolsonaropresidente # bolsonaro # bolsonaro17 # somostodosbolsonaro patrick dorneles partido brasil # umraronocongresso,,@,# # # # # # # #,"1,05549287013474E+018",https://twitter.com/PatrickD4511/status/1055492870134738944
Francischini_,2018-10-25 12:09,59,324,relembrar viver # bolsonaro17 # tbt hoje # delegadofrancischini,,,# # #,"1,05547645871658E+018",https://twitter.com/Francischini_/status/1055476458716577792
joicehasselmann,2018-10-25 11:30,1096,2773,"maravilha ver pesquisa verdade ! ! ! @ jairbolsonaro arrebentando sao paulo . cade @ ibope_in manipulacao grosseira ? ? ? dito , # bolsonaro17 nao ninguem ! vamos chegar 80 % capitao ! ! !",,@ @,#,"1,05546665331881E+018",https://twitter.com/joicehasselmann/status/1055466653318811648
Giselle63376869,2018-10-25 11:22,1,38,# elesim # bolsonaropresidente # cagueiproibope vai dar,,,# # #,"1,05546462916454E+018",https://twitter.com/Giselle63376869/status/1055464629164539904
fantasticrio,2018-10-25 10:49,7,22,we hope happy ending in the final election next sunday . jb # bolsonaropresidente # elesim # ptnuncamais with the glory of # god against communist workers party # pt,,,# # # # #,"1,05545633270959E+018",https://twitter.com/fantasticrio/status/1055456332709593088
Francischini_,2018-10-25 10:42,62,298,vai vendo ... # delegadofrancischini # bolsonaro17 # compartilhe,,,# # #,"1,0554546223815E+018",https://twitter.com/Francischini_/status/1055454622381498368
Francischini_,2018-10-25 10:42,57,243,voce sabia ? nunca vou parar ! orgulho fazer melhor parana ! # delegadofrancischini # bolsonaro17 # compartilhe,,,# # #,"1,05545453189778E+018",https://twitter.com/Francischini_/status/1055454531897778176
GilmarArnold1,2018-10-25 10:39,3,2,olsonaro 88 % enquete on-line sbt . # b17,,,#,"1,05545379276068E+018",https://twitter.com/GilmarArnold1/status/1055453792760676352
juansardinha_,2018-10-25 10:24,159,321,atencao # direitaseguedireita # bolsonaropresidenteeleito rt ! devemos unir combater fake news pt ! ! siga rt fv ( favoritar ) siga qm seguir # direitaunida # direitasdv # elesim # naoaceitaremosfraude,,,# # # # # #,"1,05545010125306E+018",https://twitter.com/juansardinha_/status/1055450101253058562
domingues_eron,2018-10-25 20:12,46,66,"hoje , 22h ( horario brasilia ) , tv record entrevistara bolsonaro durante 25 minutos . todos ligados record ! tv record batera globo audiencia ! gentileza , passe adiante . # b17",,,#,"1,05559808227514E+018",https://twitter.com/domingues_eron/status/1055598082275135488
Leticia_fonsi,2018-10-26 20:54,0,14,# b17 neles,,,#,"1,05597106961662E+018",https://twitter.com/Leticia_fonsi/status/1055971069616623616
CleideC48666471,2018-10-26 20:10,3,40,deus proteja capitao ! # bolsonaro17,,,#,"1,0559597965564E+018",https://twitter.com/CleideC48666471/status/1055959796556402688
lbrooklyngirl,2018-10-26 19:23,0,1,# elesim god help us,,,#,"1,05594807435341E+018",https://twitter.com/lbrooklyngirl/status/1055948074353414149
fcfelipehcampos,2018-10-26 19:19,830,3199,voto @ jairbolsonaro ! ! # elesim # mbl # ordemeprogresso # eleicoes2018,,@,# # # #,"1,05594715682836E+018",https://twitter.com/fcfelipehcampos/status/1055947156828364801
Francischini_,2018-10-26 19:01,1515,5119,parece eleicao domingo vai ser igual crianca brincava policia ladrao . cada escolhe preferencia . # bolsonaro17,,,#,"1,05594258792688E+018",https://twitter.com/Francischini_/status/1055942587926876162
safabiano10,2018-10-26 17:58,4,7,vem brasil mostra forca ! # b17,,,#,"1,05592672946063E+018",https://twitter.com/safabiano10/status/1055926729460629504
DARANA02,2018-10-26 17:31,47,107,# b17,,,#,"1,05591978803848E+018",https://twitter.com/DARANA02/status/1055919788038479876
Lalinha_chst,2018-10-26 17:21,6,15,oraaaaaa # b17 # mulherescombolsonaro,,,# #,"1,05591733007985E+018",https://twitter.com/Lalinha_chst/status/1055917330079850498
lasiermartins,2018-10-26 17:15,61,189,milhoes brasileiros voltarao neste domingo urnas consagrar democracia ditar rumos pais rio grande proximos anos . apoio # sartori15 # bolsonaro17,,,# #,"1,05591573341318E+018",https://twitter.com/lasiermartins/status/1055915733413183489
EnqueteBrasil21,2018-10-26 16:05,1877,1428,pesquisa intencao voto : - voce vota presidente ? # haddad13 # bolsonaro17 ( rt amigos votem tambem ) # eleicoes2018 # segundoturno @ jairbolsonaro @ haddad_fernando # andradejaera # brasilvirahaddad,,@ @,# # # # # #,"1,05589826404474E+018",https://twitter.com/EnqueteBrasil21/status/1055898264044744704
VaniaDiniz7,2018-10-26 15:57,2,11,brinde futuro # presidentebolsonaro # bolsonaro17 @ jairbolsonaro vivaaaaa,,@,# #,"1,05589621764382E+018",https://twitter.com/VaniaDiniz7/status/1055896217643823105
paulazanelli,2018-10-26 15:49,142,253,mensagem zeze camargo # bolsonaropresidente17,,,#,"1,05589423797853E+018",https://twitter.com/paulazanelli/status/1055894237978525697
dani__leal,2018-10-26 15:41,171,253,escolha maos . # andradejaera # b17,,,# #,"1,05589218646058E+018",https://twitter.com/dani__leal/status/1055892186460577793
EndgelR,2018-10-26 15:14,18,59,# elesim # andradejaera,,,# #,"1,05588550209049E+018",https://twitter.com/EndgelR/status/1055885502090489857
Francischini_,2018-10-26 15:09,1522,3089,so lembrar voces ... . bandeira jamais sera vermelha ... # bolsonaro17 # delegadofrancischini # compartilhe,,,# # #,"1,0558842211711E+018",https://twitter.com/Francischini_/status/1055884221171097600
claudinhostras,2018-10-26 15:09,0,0,voto wilson jose witzel 20 # bolsonaropresidente17 # b17 https : //www.facebook.com/1096652049/posts/10212286240966627/ ...,,,# #,"1,05588412430357E+018",https://twitter.com/claudinhostras/status/1055884124303568896
lfanspach2,2018-10-26 14:38,114,105,muda brasil ! # bolsonaropresidenteeleito # bolsonaropresidente # bolsonaro17 # mudabrasil17 # mudabrasilcombolsonaro # andradejaera,,,# # # # # #,"1,05587639420973E+018",https://twitter.com/lfanspach2/status/1055876394209734656
fantasticrio,2018-10-26 14:14,10,20,"# brazilelection game 40:60 south venezuela vs brazil the final battle in 2 days between tele-guided # haddad , robot of communist workers party # pt against # bolsonaro , nationalist of social liberal party # psl its like goliath vs david jb # bolsonaro # elesim # ptnaopic.twitter.com/qvu6fohaci",,,# # # # # # # #,"1,05587038703522E+018",https://twitter.com/fantasticrio/status/1055870387035222017
lauer_camila,2018-10-26 14:00,33,45,ganhar nao vai ganhar perder nao vai ganhar vai perder ate sabe # bolsonaro2019 # b17 # nemvemquenaotempt,,,# # #,"1,05586672845291E+018",https://twitter.com/lauer_camila/status/1055866728452907008
FabyAmorim2,2018-10-26 13:41,2,25,"jamais vao intimidar , entro octogono pra derrubar # elesim",,,#,"1,05586206328374E+018",https://twitter.com/FabyAmorim2/status/1055862063283740674
Cdilma1,2018-10-27 20:54,3,15,# b17,,,#,"1,0563333476209E+018",https://twitter.com/Cdilma1/status/1056333347620900865
LeoBrasil19,2018-10-27 19:27,1,1,olsonaro # bolsonaropresidente17,,,#,"1,05631147180888E+018",https://twitter.com/LeoBrasil19/status/1056311471808884738
leosertao,2018-10-27 19:21,5,10,recife/pe # mudabrasil17 # bolsonaropresidente17,,,# #,"1,05630998892533E+018",https://twitter.com/leosertao/status/1056309988925325318
LeoBrasil19,2018-10-27 19:20,5,10,olsonaro # bolsonaropresidente17 # mudabrasil17,,,# #,"1,05630969378056E+018",https://twitter.com/LeoBrasil19/status/1056309693780557824
marq4life,2018-10-27 18:32,156,292,"passando pra avisar aqui australia ja 28 , ja @ jairbolsonaro presidente . # mudabrasil17 # bolsonaro17 # acabouapiranhagempt",,@,# # #,"1,05629758063879E+018",https://twitter.com/marq4life/status/1056297580638785537
arilenepaula,2018-10-27 18:20,0,0,nenhumzinho ! # nemvemquenaotempt # bolsonaro17,,,# #,"1,05629466819813E+018",https://twitter.com/arilenepaula/status/1056294668198133761
Alex29688824,2018-10-27 16:33,1,3,# b17 neles,,,#,"1,0562677074763E+018",https://twitter.com/Alex29688824/status/1056267707476295680
LeontinesMelo,2018-10-27 15:43,2,1,# b17 neles ...,,,#,"1,05625505622234E+018",https://twitter.com/LeontinesMelo/status/1056255056222343168
Maicbal,2018-10-27 15:40,2,1,asta apertar .. # bolsonaropresidente17,,,#,"1,0562542489278E+018",https://twitter.com/Maicbal/status/1056254248927797250
RosaReginaMend6,2018-10-27 15:26,0,0,# b17 doria 45,,,#,"1,05625068966239E+018",https://twitter.com/RosaReginaMend6/status/1056250689662394368
AndrDetoni1,2018-10-27 15:14,153,304,maior mobilizacao favor candidato es . # b17 # bolsonaropresidente # mudabrasi17,,,# # #,"1,05624766011663E+018",https://twitter.com/AndrDetoni1/status/1056247660116631553
Noiaa_ndre,2018-10-27 14:54,34,716,"vem morar aqui brasil tom , quero ver vc vim desafio vc vim morar aqui brasil viver salario minimo mes , tentar nao ser assaltado utilizar sus . hipocrisia # mudabrasi17 # elesim",,,# #,"1,05624274804137E+018",https://twitter.com/Noiaa_ndre/status/1056242748041367552
AnninhaCalderon,2018-10-27 14:46,50,99,video despedida propaganda eleitoral futuro presidente @ jairbolsonaro ( tema / musica autorizada viviane senna ) # b17 # mudabrasil17 # bolsonaro,,@,# # #,"1,05624079047166E+018",https://twitter.com/AnninhaCalderon/status/1056240790471655424
rbarbosa06,2018-10-27 14:38,803,1647,moral ... olha pra pt perdeu eleicao ! # mudabrasi17 # elesim @ jairbolsonaropic.twitter.com/ztlno4ow4,,@,# #,"1,05623879008229E+018",https://twitter.com/rbarbosa06/status/1056238790082285568
RafaelPereir20,2018-10-27 14:00,13,24,amanha ! ! ! governador : wilson witzel presidente : jair bolsonaro # w20 # b17 # mudabrasil17 # eleicoes2018,,,# # # #,"1,05622912940058E+018",https://twitter.com/RafaelPereir20/status/1056229129400578048
AnaPaul22193672,2018-10-28 20:29,9,23,# brasilacimadetudodeusacimadetodos ... ei aqui @ amazonas povo so comemorando # elesim,,@no,# #,"1,05668933311633E+018",https://twitter.com/AnaPaul22193672/status/1056689333116329984
Lidiane84753240,2018-10-28 20:08,19,40,vencemos nacao venceu corrupcao # bolsonaro17 # bolsonaropresidente # brasillivredopt,,,# # #,"1,056684069076E+018",https://twitter.com/Lidiane84753240/status/1056684069076000769
Lucidi,2018-10-28 20:05,3,14,god bless brazil ! ! ! im so proud of our people today . # bolsonaropresidenteeleito # bolsonaro17 # novaera17,,,# # #,"1,05668335504192E+018",https://twitter.com/Lucidi/status/1056683355041918976
Angel_for_Mercy,2018-10-28 20:02,1,1,my elected presidential candidate ... .. # bolsonaro17 ... .yyyyhhhhaaaa,,,#,"1,0566826311847E+018",https://twitter.com/Angel_for_Mercy/status/1056682631184703489
carvalho_doglas,2018-10-28 19:47,2,9,hey guys # b17 # bolsonaropresidente,,,# #,"1,05667891104684E+018",https://twitter.com/carvalho_doglas/status/1056678911046836224
aguiar_pedro1,2018-10-28 19:47,4,261,tristes vitoria bolsonaro # b17,,,#,"1,05667888518895E+018",https://twitter.com/aguiar_pedro1/status/1056678885188947969
jotampess,2018-10-28 19:40,0,5,17 nelessss ! ! ! # elesim # novaera17,,,# #,"1,05667713118971E+018",https://twitter.com/jotampess/status/1056677131189710848
lala_zita,2018-10-28 19:34,10,21,vencemos ! ! ! ! ! ! ! ! # bolsonaro17 # bolsonaropresidente # b17,,,# # #,"1,05667551368149E+018",https://twitter.com/lala_zita/status/1056675513681485824
Schwanzlurchs,2018-10-28 19:26,0,0,"genau , is klar . wir sehen uns hier in 4 jahren und ich lache dich aus . # b17 in dein face",,,#,"1,05667366127557E+018",https://twitter.com/Schwanzlurchs/status/1056673661275570181
janapandolfo,2018-10-28 19:18,78,154,dito feito ! ! ! # b17,,,#,"1,05667146651795E+018",https://twitter.com/janapandolfo/status/1056671466517946368
cnmendss,2018-10-28 19:09,0,2,ihuuul # b17 # mudabrasil17,,,# #,"1,05666919749168E+018",https://twitter.com/cnmendss/status/1056669197491679234
alan_robson22,2018-10-28 18:26,25,67,"teresa surita , agredida esquerdista jalser renier nao aceitou apoio mesma bolsonaro ! cade feministas esquerda defender teresa agora ? # bolsonaro17 # apesardoptobrasilvaivencerb17",,,# #,"1,05665837073904E+018",https://twitter.com/alan_robson22/status/1056658370739036160
Helena23072002,2018-10-28 17:23,0,1,"keep crying , loser ! ! ! # bolsonaro17",,,#,"1,05664266523897E+018",https://twitter.com/Helena23072002/status/1056642665238970369
bolsoppa,2018-10-28 17:17,18,43,vote consciente kim namjoon . # elesim # obrasilvota17 # novaera17,,,# # #,"1,05664116101053E+018",https://twitter.com/bolsoppa/status/1056641161010528256
rcp01,2018-10-28 16:47,64,103,pt nunca ! socialismo nunca ! # bolsonaropresidente17,,,#,"1,05663360771917E+018",https://twitter.com/rcp01/status/1056633607719174148
meltedvideosbr,2018-10-28 15:51,88,223,senhora livrai-nos bolsa coco # b17,,,#,"1,05661956539075E+018",https://twitter.com/meltedvideosbr/status/1056619565390749697
LeleSouza__,2018-10-28 14:50,0,1,ein # bolsonaropresidente17 # obrasilvota17,,,# #,"1,05660400722402E+018",https://twitter.com/LeleSouza__/status/1056604007224016901
PatrickD4511,2018-10-28 13:34,87,282,"ja dei abraco vitoria brasil acima tudo , deus acima todos # obrasilvota17 # mudabrasil17 @ jairbolsonaro # bolsonaropresidenteeleito # bolsonaropresidente # bolsonaro17 patrickdorneles # umraronocongresso # doencasraraspic.twitter.com/hdxnawwqbm",,@,# # # # # # #,"1,05658509049776E+018",https://twitter.com/PatrickD4511/status/1056585090497761280
Francischini_,2018-10-28 13:31,93,606,rasil acima tudo deus acima todos # bolsonaro17 # delegadofrancischini,,,# #,"1,05658418717882E+018",https://twitter.com/Francischini_/status/1056584187178819588
alainetavares91,2018-10-28 13:28,76,288,"# obrasilvota17 irma , lutando brasil melhor ... joao pessoa , nordeste # bolsonaro17 tmj",,,# #,"1,05658345881282E+018",https://twitter.com/alainetavares91/status/1056583458812821510
